Date,P1
10/07/2024,4.049   	
09/30/2024,4.094   
09/23/2024,4.108   	
09/16/2024,4.119   
09/09/2024,4.153
09/02/2024,4.196   
08/26/2024,4.201 
08/19/2024,4.252    
08/12/2024,4.274
08/5/2024,4.302
07/29/2024,4.333
07/22/2024,4.331
07/15/2024,4.371
07/8/2024,4.367
07/1/2024,4.344
06/24/2024,4.319
06/17/2024,4.326
06/10/2024,4.331
06/3/2024,4.417
05/27/2024,4.479
05/20/2024,4.485
05/13/2024,4.513
05/6/2024,4.55
04/29/2024,4.566
04/22/2024,4.574
04/15/2024,4.536
04/8/2024,4.485
04/1/2024,4.393
03/25/2024,4.381
03/18/2024,4.31
03/11/2024,4.24
03/4/2024,4.214
02/26/2024,4.11
02/19/2024,4.128
02/12/2024,4.059
02/5/2024,4.009
01/29/2024,3.971
01/22/2024,3.942
01/15/2024,3.947
01/8/2024,3.983
01/1/2024,4
12/25/2023,4.014
12/18/2023,3.957
12/11/2023,4.042
12/4/2023,4.138
11/27/2023,4.157
11/20/2023,4.209
11/13/2023,4.262
11/6/2023,4.312
10/30/2023,4.4
10/23/2023,4.465
10/16/2023,4.522
10/9/2023,4.627
10/2/2023,4.759
09/25/2023,4.758
09/18/2023,4.775
09/11/2023,4.694
09/4/2023,4.672
08/28/2023,4.683
08/21/2023,4.717
08/14/2023,4.683
08/7/2023,4.655
07/31/2023,4.582
07/24/2023,4.443
07/17/2023,4.412
07/10/2023,4.405
07/3/2023,4.379
06/26/2023,4.41
06/19/2023,4.414
06/12/2023,4.428
06/5/2023,4.384
05/29/2023,4.406
05/22/2023,4.361
05/15/2023,4.359
05/8/2023,4.362
05/1/2023,4.424
04/24/2023,4.469
04/17/2023,4.458
04/10/2023,4.391
04/3/2023,4.305
03/27/2023,4.247
03/20/2023,4.247
03/13/2023,4.284
03/6/2023,4.239
02/27/2023,4.189
02/20/2023,4.215
02/13/2023,4.212
02/6/2023,4.246
01/30/2023,4.27
01/23/2023,4.189
01/16/2023,4.096
01/9/2023,4.055
01/2/2023,4.028
12/26/2022,3.925
12/19/2022,3.96
12/12/2022,4.08
12/5/2022,4.232
11/28/2022,4.383
11/21/2022,4.507
11/14/2022,4.615
11/7/2022,4.641
10/31/2022,4.6
10/24/2022,4.639
10/17/2022,4.751
10/10/2022,4.811
10/3/2022,4.718
09/26/2022,4.598
09/19/2022,4.523
09/12/2022,4.549
09/5/2022,4.585
08/29/2022,4.654
08/22/2022,4.713
08/15/2022,4.774
08/8/2022,4.87
08/1/2022,5.017
07/25/2022,5.14
07/18/2022,5.285
07/11/2022,5.442
07/4/2022,5.575
06/27/2022,5.664
06/20/2022,5.736
06/13/2022,5.762
06/6/2022,5.635
05/30/2022,5.399
05/23/2022,5.346
05/16/2022,5.24
05/9/2022,5.07
05/2/2022,4.939
04/25/2022,4.869
04/18/2022,4.831
04/11/2022,4.854
04/4/2022,4.931
03/28/2022,4.985
03/21/2022,4.992
03/14/2022,5.038
03/7/2022,4.798
02/28/2022,4.296
02/21/2022,4.221
02/14/2022,4.18
02/7/2022,4.141
01/31/2022,4.078
01/24/2022,4.04
01/17/2022,4.028
01/10/2022,4.02
01/3/2022,4.012
12/27/2021,4.008
12/20/2021,4.024
12/13/2021,4.039
12/6/2021,4.063
11/29/2021,4.095
11/22/2021,4.107
11/15/2021,4.103
11/8/2021,4.101
11/1/2021,4.084
10/25/2021,4.071
10/18/2021,4.007
10/11/2021,3.952
10/4/2021,3.886
09/27/2021,3.876
09/20/2021,3.883
09/13/2021,3.868
09/6/2021,3.879
08/30/2021,3.853
08/23/2021,3.853
08/16/2021,3.882
08/9/2021,3.874
08/2/2021,3.861
07/26/2021,3.829
07/19/2021,3.839
07/12/2021,3.819
07/5/2021,3.806
06/28/2021,3.777
06/21/2021,3.744
06/14/2021,3.744
06/7/2021,3.712
05/31/2021,3.699
05/24/2021,3.69
05/17/2021,3.688
05/10/2021,3.624
05/3/2021,3.557
04/26/2021,3.536
04/19/2021,3.517
04/12/2021,3.51
04/5/2021,3.511
03/29/2021,3.506
03/22/2021,3.516
03/15/2021,3.495
03/8/2021,3.41
03/1/2021,3.344
02/22/2021,3.263
02/15/2021,3.141
02/8/2021,3.104
02/1/2021,3.051
01/25/2021,3.033
01/18/2021,3.014
01/11/2021,2.959
01/4/2021,2.895
12/28/2020,2.889
12/21/2020,2.871
12/14/2020,2.821
12/7/2020,2.82
11/30/2020,2.792
11/23/2020,2.779
11/16/2020,2.783
11/9/2020,2.771
11/2/2020,2.786
10/26/2020,2.81
10/19/2020,2.815
10/12/2020,2.829
10/5/2020,2.833
09/28/2020,2.831
09/21/2020,2.836
09/14/2020,2.851
09/7/2020,2.872
08/31/2020,2.877
08/24/2020,2.842
08/17/2020,2.829
08/10/2020,2.826
08/3/2020,2.834
07/27/2020,2.838
07/20/2020,2.836
07/13/2020,2.842
07/6/2020,2.821
06/29/2020,2.812
06/22/2020,2.773
06/15/2020,2.745
06/8/2020,2.686
06/1/2020,2.638
05/25/2020,2.618
05/18/2020,2.553
05/11/2020,2.519
05/4/2020,2.479
04/27/2020,2.478
04/20/2020,2.519
04/13/2020,2.562
04/6/2020,2.635
03/30/2020,2.716
03/23/2020,2.817
03/16/2020,2.941
03/9/2020,3.054
03/2/2020,3.093
02/24/2020,3.122
02/17/2020,3.091
02/10/2020,3.095
02/3/2020,3.125
01/27/2020,3.163
01/20/2020,3.183
01/13/2020,3.209
01/6/2020,3.214
12/30/2019,3.209
12/23/2019,3.191
12/16/2019,3.204
12/9/2019,3.23
12/2/2019,3.249
11/25/2019,3.264
11/18/2019,3.291
11/11/2019,3.321
11/4/2019,3.313
10/28/2019,3.298
10/21/2019,3.34
10/14/2019,3.345
10/7/2019,3.356
09/30/2019,3.341
09/23/2019,3.296
09/16/2019,3.203
09/9/2019,3.202
09/2/2019,3.215
08/26/2019,3.219
08/19/2019,3.24
08/12/2019,3.266
08/5/2019,3.317
07/29/2019,3.339
07/22/2019,3.368
07/15/2019,3.392
07/8/2019,3.366
07/1/2019,3.343
06/24/2019,3.3
06/17/2019,3.326
06/10/2019,3.383
06/3/2019,3.447
05/27/2019,3.471
05/20/2019,3.499
05/13/2019,3.514
05/6/2019,3.537
04/29/2019,3.523
04/22/2019,3.474
04/15/2019,3.449
04/8/2019,3.354
04/1/2019,3.286
03/25/2019,3.212
03/18/2019,3.135
03/11/2019,3.059
03/4/2019,3.02
02/25/2019,2.998
02/18/2019,2.94
02/11/2019,2.912
02/4/2019,2.895
01/28/2019,2.899
01/21/2019,2.902
01/14/2019,2.907
01/7/2019,2.906
12/31/2018,2.934
12/24/2018,2.987
12/17/2018,3.03
12/10/2018,3.079
12/3/2018,3.119
11/26/2018,3.203
11/19/2018,3.258
11/12/2018,3.326
11/5/2018,3.389
10/29/2018,3.437
10/22/2018,3.463
10/15/2018,3.488
10/8/2018,3.504
10/1/2018,3.468
09/24/2018,3.436
09/17/2018,3.435
09/10/2018,3.426
09/3/2018,3.416
08/27/2018,3.412
08/20/2018,3.407
08/13/2018,3.428
08/6/2018,3.435
07/30/2018,3.433
07/23/2018,3.426
07/16/2018,3.451
07/9/2018,3.454
07/2/2018,3.439
06/25/2018,3.432
06/18/2018,3.47
06/11/2018,3.495
06/4/2018,3.524
05/28/2018,3.536
05/21/2018,3.497
05/14/2018,3.452
05/7/2018,3.354
04/30/2018,3.353
04/23/2018,3.31
04/16/2018,3.256
04/9/2018,3.209
04/2/2018,3.212
03/26/2018,3.161
03/19/2018,3.114
03/12/2018,3.078
03/5/2018,3.084
02/26/2018,3.069
02/19/2018,3.082
02/12/2018,3.125
02/5/2018,3.149
01/29/2018,3.122
01/22/2018,3.085
01/15/2018,3.068
01/8/2018,3.04
01/1/2018,3.035
12/25/2017,2.985
12/18/2017,2.969
12/11/2017,3
12/4/2017,3.014
11/27/2017,3.043
11/20/2017,3.075
11/13/2017,3.092
11/6/2017,3.059
10/30/2017,2.994
10/23/2017,2.987
10/16/2017,3.003
10/9/2017,3.025
10/2/2017,3.085
09/25/2017,3.105
09/18/2017,3.151
09/11/2017,3.197
09/4/2017,3.191
08/28/2017,2.901
08/21/2017,2.865
08/14/2017,2.886
08/7/2017,2.882
07/31/2017,2.86
07/24/2017,2.816
07/17/2017,2.781
07/10/2017,2.798
07/3/2017,2.77
06/26/2017,2.799
06/19/2017,2.825
06/12/2017,2.865
06/5/2017,2.906
05/29/2017,2.894
05/22/2017,2.889
05/15/2017,2.867
05/8/2017,2.87
05/1/2017,2.907
04/24/2017,2.938
04/17/2017,2.927
04/10/2017,2.912
04/3/2017,2.851
03/27/2017,2.812
03/20/2017,2.816
03/13/2017,2.816
03/6/2017,2.833
02/27/2017,2.812
02/20/2017,2.798
02/13/2017,2.801
02/6/2017,2.79
01/30/2017,2.795
01/23/2017,2.817
01/16/2017,2.845
01/9/2017,2.874
01/2/2017,2.865
12/26/2016,2.799
12/19/2016,2.761
12/12/2016,2.732
12/5/2016,2.71
11/28/2016,2.657
11/21/2016,2.66
11/14/2016,2.691
11/7/2016,2.732
10/31/2016,2.719
10/24/2016,2.73
10/17/2016,2.742
10/10/2016,2.754
10/3/2016,2.726
09/26/2016,2.708
09/19/2016,2.706
09/12/2016,2.68
09/5/2016,2.698
08/29/2016,2.701
08/22/2016,2.664
08/15/2016,2.622
08/8/2016,2.621
08/1/2016,2.635
07/25/2016,2.656
07/18/2016,2.701
07/11/2016,2.721
07/4/2016,2.755
06/27/2016,2.785
06/20/2016,2.805
06/13/2016,2.842
06/6/2016,2.83
05/30/2016,2.788
05/23/2016,2.756
05/16/2016,2.7
05/9/2016,2.683
05/2/2016,2.693
04/25/2016,2.616
04/18/2016,2.59
04/11/2016,2.527
04/4/2016,2.532
03/28/2016,2.521
03/21/2016,2.461
03/14/2016,2.409
03/7/2016,2.294
02/29/2016,2.244
02/22/2016,2.205
02/15/2016,2.209
02/8/2016,2.247
02/1/2016,2.307
01/25/2016,2.337
01/18/2016,2.39
01/11/2016,2.469
01/4/2016,2.498
12/28/2015,2.506
12/21/2015,2.499
12/14/2015,2.509
12/7/2015,2.523
11/30/2015,2.529
11/23/2015,2.556
11/16/2015,2.633
11/9/2015,2.678
11/2/2015,2.66
10/26/2015,2.663
10/19/2015,2.705
10/12/2015,2.757
10/5/2015,2.748
09/28/2015,2.748
09/21/2015,2.759
09/14/2015,2.801
09/7/2015,2.853
08/31/2015,2.916
08/24/2015,3.027
08/17/2015,3.096
08/10/2015,3.03
08/3/2015,3.083
07/27/2015,3.129
07/20/2015,3.179
07/13/2015,3.213
07/6/2015,3.168
06/29/2015,3.175
06/22/2015,3.182
06/15/2015,3.202
06/8/2015,3.15
06/1/2015,3.143
05/25/2015,3.14
05/18/2015,3.109
05/11/2015,3.063
05/4/2015,3.036
04/27/2015,2.947
04/20/2015,2.857
04/13/2015,2.786
04/6/2015,2.789
03/30/2015,2.814
03/23/2015,2.817
03/16/2015,2.824
03/9/2015,2.853
03/2/2015,2.837
02/23/2015,2.704
02/16/2015,2.651
02/9/2015,2.568
02/2/2015,2.454
01/26/2015,2.444
01/19/2015,2.473
01/12/2015,2.553
01/5/2015,2.631
12/29/2014,2.713
12/22/2014,2.813
12/15/2014,2.951
12/8/2014,3.072
12/1/2014,3.164
11/24/2014,3.205
11/17/2014,3.27
11/10/2014,3.315
11/3/2014,3.369
10/27/2014,3.425
10/20/2014,3.499
10/13/2014,3.581
10/6/2014,3.667
09/29/2014,3.71
09/22/2014,3.707
09/15/2014,3.754
09/8/2014,3.801
09/1/2014,3.803
08/25/2014,3.8
08/18/2014,3.816
08/11/2014,3.85
08/4/2014,3.866
07/28/2014,3.888
07/21/2014,3.938
07/14/2014,3.978
07/7/2014,4.015
06/30/2014,4.036
06/23/2014,4.036
06/16/2014,4.016
06/9/2014,4.008
06/2/2014,4.024
05/26/2014,4.014
05/19/2014,4.011
05/12/2014,4.015
05/5/2014,4.027
04/28/2014,4.047
04/21/2014,4.014
04/14/2014,3.976
04/7/2014,3.928
03/31/2014,3.904
03/24/2014,3.876
03/17/2014,3.871
03/10/2014,3.835
03/3/2014,3.812
02/24/2014,3.783
02/17/2014,3.728
02/10/2014,3.664
02/3/2014,3.651
01/27/2014,3.654
01/20/2014,3.657
01/13/2014,3.683
01/6/2014,3.69
12/30/2013,3.682
12/23/2013,3.632
12/16/2013,3.605
12/9/2013,3.632
12/2/2013,3.635
11/25/2013,3.649
11/18/2013,3.573
11/11/2013,3.552
11/4/2013,3.614
10/28/2013,3.644
10/21/2013,3.696
10/14/2013,3.694
10/7/2013,3.701
09/30/2013,3.758
09/23/2013,3.819
09/16/2013,3.87
09/9/2013,3.906
09/2/2013,3.922
08/26/2013,3.875
08/19/2013,3.874
08/12/2013,3.886
08/5/2013,3.947
07/29/2013,3.963
07/22/2013,3.993
07/15/2013,3.943
07/8/2013,3.81
07/1/2013,3.813
06/24/2013,3.88
06/17/2013,3.912
06/10/2013,3.929
06/3/2013,3.913
05/27/2013,3.912
05/20/2013,3.926
05/13/2013,3.883
05/6/2013,3.83
04/29/2013,3.822
04/22/2013,3.836
04/15/2013,3.852
04/8/2013,3.916
04/1/2013,3.953
03/25/2013,3.981
03/18/2013,4.002
03/11/2013,4.018
03/4/2013,4.061
02/25/2013,4.084
02/18/2013,4.042
02/11/2013,3.91
02/4/2013,3.841
01/28/2013,3.673
01/21/2013,3.636
01/14/2013,3.637
01/7/2013,3.631
12/31/2012,3.617
12/24/2012,3.576
12/17/2012,3.571
12/10/2012,3.664
12/3/2012,3.707
11/26/2012,3.746
11/19/2012,3.74
11/12/2012,3.761
11/5/2012,3.808
10/29/2012,3.878
10/22/2012,3.992
10/15/2012,4.113
10/8/2012,4.133
10/1/2012,4.087
09/24/2012,4.11
09/17/2012,4.154
09/10/2012,4.119
09/3/2012,4.111
08/27/2012,4.051
08/20/2012,4.014
08/13/2012,3.985
08/6/2012,3.907
07/30/2012,3.779
07/23/2012,3.765
07/16/2012,3.69
07/9/2012,3.674
07/2/2012,3.618
06/25/2012,3.693
06/18/2012,3.78
06/11/2012,3.829
06/4/2012,3.871
05/28/2012,3.929
05/21/2012,3.975
05/14/2012,4.02
05/7/2012,4.054
04/30/2012,4.097
04/23/2012,4.136
04/16/2012,4.183
04/9/2012,4.201
04/2/2012,4.193
03/26/2012,4.168
03/19/2012,4.117
03/12/2012,4.077
03/5/2012,4.043
02/27/2012,3.983
02/20/2012,3.865
02/13/2012,3.798
02/6/2012,3.756
01/30/2012,3.716
01/23/2012,3.664
01/16/2012,3.66
01/9/2012,3.649
01/2/2012,3.567
12/26/2011,3.524
12/19/2011,3.504
12/12/2011,3.554
12/5/2011,3.56
11/28/2011,3.581
11/21/2011,3.634
11/14/2011,3.697
11/7/2011,3.683
10/31/2011,3.713
10/24/2011,3.721
10/17/2011,3.73
10/10/2011,3.679
10/3/2011,3.698
09/26/2011,3.77
09/19/2011,3.853
09/12/2011,3.904
09/5/2011,3.914
08/29/2011,3.874
08/22/2011,3.839
08/15/2011,3.865
08/8/2011,3.927
08/1/2011,3.963
07/25/2011,3.951
07/18/2011,3.932
07/11/2011,3.889
07/4/2011,3.829
06/27/2011,3.833
06/20/2011,3.904
06/13/2011,3.958
06/6/2011,4.02
05/30/2011,4.041
05/23/2011,4.1
05/16/2011,4.204
05/9/2011,4.206
05/2/2011,4.198
04/25/2011,4.117
04/18/2011,4.08
04/11/2011,4.027
04/4/2011,3.921
03/28/2011,3.836
03/21/2011,3.806
03/14/2011,3.809
03/7/2011,3.758
02/28/2011,3.62
02/21/2011,3.428
02/14/2011,3.382
02/7/2011,3.371
01/31/2011,3.345
01/24/2011,3.353
01/17/2011,3.347
01/10/2011,3.33
01/3/2011,3.314
12/27/2010,3.296
12/20/2010,3.231
12/13/2010,3.227
12/6/2010,3.207
11/29/2010,3.108
11/22/2010,3.124
11/15/2010,3.13
11/8/2010,3.102
11/1/2010,3.051
10/25/2010,3.058
10/18/2010,3.071
10/11/2010,3.053
10/4/2010,2.966
09/27/2010,2.932
09/20/2010,2.954
09/13/2010,2.95
09/6/2010,2.917
08/30/2010,2.922
08/23/2010,2.945
08/16/2010,2.982
08/9/2010,3.016
08/2/2010,2.973
07/26/2010,2.982
07/19/2010,2.958
07/12/2010,2.956
07/5/2010,2.964
06/28/2010,2.992
06/21/2010,2.98
06/14/2010,2.947
06/7/2010,2.972
05/31/2010,2.98
05/24/2010,3.037
05/17/2010,3.107
05/10/2010,3.142
05/3/2010,3.131
04/26/2010,3.083
04/19/2010,3.091
04/12/2010,3.088
04/5/2010,3.056
03/29/2010,3.034
03/22/2010,3.05
03/15/2010,3.024
03/8/2010,2.988
03/1/2010,2.943
02/22/2010,2.899
02/15/2010,2.862
02/8/2010,2.9
02/1/2010,2.911
01/25/2010,2.953
01/18/2010,2.983
01/11/2010,2.988
01/4/2010,2.905
12/28/2009,2.853
12/21/2009,2.839
12/14/2009,2.849
12/7/2009,2.882
11/30/2009,2.875
11/23/2009,2.883
11/16/2009,2.877
11/9/2009,2.908
11/2/2009,2.93
10/26/2009,2.909
10/19/2009,2.807
10/12/2009,2.727
10/5/2009,2.711
09/28/2009,2.741
09/21/2009,2.793
09/14/2009,2.818
09/7/2009,2.831
08/31/2009,2.857
08/24/2009,2.869
08/17/2009,2.877
08/10/2009,2.883
08/3/2009,2.793
07/27/2009,2.744
07/20/2009,2.714
07/13/2009,2.779
07/6/2009,2.855
06/29/2009,2.883
06/22/2009,2.924
06/15/2009,2.896
06/8/2009,2.843
06/1/2009,2.741
05/25/2009,2.661
05/18/2009,2.54
05/11/2009,2.467
05/4/2009,2.308
04/27/2009,2.285
04/20/2009,2.294
04/13/2009,2.284
04/6/2009,2.271
03/30/2009,2.275
03/23/2009,2.193
03/16/2009,2.151
03/9/2009,2.175
03/2/2009,2.174
02/23/2009,2.153
02/16/2009,2.198
02/9/2009,2.161
02/2/2009,2.126
01/26/2009,2.07
01/19/2009,2.077
01/12/2009,2.015
01/5/2009,1.922
12/29/2008,1.866
12/22/2008,1.907
12/15/2008,1.915
12/8/2008,1.965
12/1/2008,2.077
11/24/2008,2.163
11/17/2008,2.339
11/10/2008,2.494
11/3/2008,2.677
10/27/2008,2.929
10/20/2008,3.182
10/13/2008,3.425
10/6/2008,3.746
09/29/2008,3.883
09/22/2008,3.963
09/15/2008,4.073
09/8/2008,3.885
09/1/2008,3.918
08/25/2008,3.922
08/18/2008,3.979
08/11/2008,4.055
08/4/2008,4.13
07/28/2008,4.205
07/21/2008,4.303
07/14/2008,4.341
07/7/2008,4.344
06/30/2008,4.326
06/23/2008,4.312
06/16/2008,4.314
06/9/2008,4.267
06/2/2008,4.201
05/26/2008,4.159
05/19/2008,4.017
05/12/2008,3.944
05/5/2008,3.842
04/28/2008,3.829
04/21/2008,3.729
04/14/2008,3.607
04/7/2008,3.55
03/31/2008,3.512
03/24/2008,3.486
03/17/2008,3.5
03/10/2008,3.443
03/3/2008,3.386
02/25/2008,3.354
02/18/2008,3.266
02/11/2008,3.19
02/4/2008,3.212
01/28/2008,3.217
01/21/2008,3.256
01/14/2008,3.3
01/7/2008,3.335
12/31/2007,3.283
12/24/2007,3.214
12/17/2007,3.232
12/10/2007,3.238
12/3/2007,3.292
11/26/2007,3.319
11/19/2007,3.32
11/12/2007,3.325
11/5/2007,3.224
10/29/2007,3.092
10/22/2007,3.046
10/15/2007,2.99
10/8/2007,2.997
10/1/2007,3.013
09/24/2007,3.029
09/17/2007,3.001
09/10/2007,3.018
09/3/2007,2.997
08/27/2007,2.963
08/20/2007,2.997
08/13/2007,2.995
08/6/2007,3.062
07/30/2007,3.099
07/23/2007,3.168
07/16/2007,3.242
07/9/2007,3.182
07/2/2007,3.168
06/25/2007,3.196
06/18/2007,3.222
06/11/2007,3.281
06/4/2007,3.351
05/28/2007,3.395
05/21/2007,3.398
05/14/2007,3.284
05/7/2007,3.247
04/30/2007,3.176
04/23/2007,3.082
04/16/2007,3.083
04/9/2007,3.007
04/2/2007,2.912
03/26/2007,2.812
03/19/2007,2.781
03/12/2007,2.763
03/5/2007,2.709
02/26/2007,2.581
02/19/2007,2.495
02/12/2007,2.442
02/5/2007,2.396
01/29/2007,2.381
01/22/2007,2.391
01/15/2007,2.453
01/8/2007,2.523
01/1/2007,2.547
12/25/2006,2.548
12/18/2006,2.527
12/11/2006,2.502
12/4/2006,2.502
11/27/2006,2.453
11/20/2006,2.445
11/13/2006,2.437
11/6/2006,2.407
10/30/2006,2.424
10/23/2006,2.418
10/16/2006,2.44
10/9/2006,2.478
10/2/2006,2.531
09/25/2006,2.605
09/18/2006,2.729
09/11/2006,2.847
09/4/2006,2.952
08/28/2006,3.064
08/21/2006,3.136
08/14/2006,3.21
08/7/2006,3.242
07/31/2006,3.211
07/24/2006,3.205
07/17/2006,3.186
07/10/2006,3.169
07/3/2006,3.133
06/26/2006,3.072
06/19/2006,3.077
06/12/2006,3.108
06/5/2006,3.095
05/29/2006,3.071
05/22/2006,3.098
05/15/2006,3.149
05/8/2006,3.117
05/1/2006,3.129
04/24/2006,3.121
04/17/2006,2.986
04/10/2006,2.883
04/3/2006,2.785
03/27/2006,2.695
03/20/2006,2.701
03/13/2006,2.556
03/6/2006,2.519
02/27/2006,2.45
02/20/2006,2.445
02/13/2006,2.494
02/6/2006,2.549
01/30/2006,2.564
01/23/2006,2.547
01/16/2006,2.531
01/9/2006,2.531
01/2/2006,2.437
12/26/2005,2.397
12/19/2005,2.409
12/12/2005,2.381
12/5/2005,2.345
11/28/2005,2.358
11/21/2005,2.408
11/14/2005,2.505
11/7/2005,2.59
10/31/2005,2.698
10/24/2005,2.822
10/17/2005,2.947
10/10/2005,3.064
10/3/2005,3.139
09/26/2005,3.018
09/19/2005,3.009
09/12/2005,3.171
09/5/2005,3.285
08/29/2005,2.801
08/22/2005,2.802
08/15/2005,2.742
08/8/2005,2.56
08/1/2005,2.49
07/25/2005,2.488
07/18/2005,2.511
07/11/2005,2.517
07/4/2005,2.414
06/27/2005,2.402
06/20/2005,2.353
06/13/2005,2.323
06/6/2005,2.309
05/30/2005,2.295
05/23/2005,2.322
05/16/2005,2.357
05/9/2005,2.385
05/2/2005,2.425
04/25/2005,2.426
04/18/2005,2.427
04/11/2005,2.464
04/4/2005,2.4
03/28/2005,2.336
03/21/2005,2.292
03/14/2005,2.241
03/7/2005,2.182
02/28/2005,2.113
02/21/2005,2.096
02/14/2005,2.091
02/7/2005,2.102
01/31/2005,2.103
01/24/2005,2.046
01/17/2005,2.017
01/10/2005,1.993
01/3/2005,1.985
12/27/2004,1.998
12/20/2004,2.02
12/13/2004,2.053
12/6/2004,2.111
11/29/2004,2.142
11/22/2004,2.146
11/15/2004,2.168
11/8/2004,2.196
11/1/2004,2.223
10/25/2004,2.221
10/18/2004,2.222
10/11/2004,2.179
10/4/2004,2.125
09/27/2004,2.103
09/20/2004,2.054
09/13/2004,2.037
09/6/2004,2.043
08/30/2004,2.056
08/23/2004,2.071
08/16/2004,2.064
08/9/2004,2.068
08/2/2004,2.078
07/26/2004,2.097
07/19/2004,2.119
07/12/2004,2.108
07/5/2004,2.091
06/28/2004,2.118
06/21/2004,2.134
06/14/2004,2.178
06/7/2004,2.219
05/31/2004,2.234
05/24/2004,2.242
05/17/2004,2.189
05/10/2004,2.111
05/3/2004,2.021
04/26/2004,1.992
04/19/2004,1.991
04/12/2004,1.969
04/5/2004,1.963
03/29/2004,1.944
03/22/2004,1.93
03/15/2004,1.912
03/8/2004,1.925
03/1/2004,1.902
02/23/2004,1.873
02/16/2004,1.836
02/9/2004,1.828
02/2/2004,1.811
01/26/2004,1.813
01/19/2004,1.785
01/12/2004,1.752
01/5/2004,1.701
12/29/2003,1.674
12/22/2003,1.678
12/15/2003,1.66
12/8/2003,1.67
12/1/2003,1.683
11/24/2003,1.701
11/17/2003,1.689
11/10/2003,1.694
11/3/2003,1.723
10/27/2003,1.73
10/20/2003,1.757
10/13/2003,1.758
10/6/2003,1.767
09/29/2003,1.787
09/22/2003,1.834
09/15/2003,1.88
09/8/2003,1.899
09/1/2003,1.924
08/25/2003,1.925
08/18/2003,1.805
08/11/2003,1.749
08/4/2003,1.716
07/28/2003,1.702
07/21/2003,1.71
07/14/2003,1.705
07/7/2003,1.672
06/30/2003,1.67
06/23/2003,1.678
06/16/2003,1.696
06/9/2003,1.668
06/2/2003,1.657
05/26/2003,1.672
05/19/2003,1.682
05/12/2003,1.682
05/5/2003,1.706
04/28/2003,1.748
04/21/2003,1.766
04/14/2003,1.788
04/7/2003,1.819
03/31/2003,1.84
03/24/2003,1.874
03/17/2003,1.906
03/10/2003,1.889
03/3/2003,1.865
02/24/2003,1.841
02/17/2003,1.841
02/10/2003,1.795
02/3/2003,1.713
01/27/2003,1.663
01/20/2003,1.651
01/13/2003,1.645
01/6/2003,1.639
12/30/2002,1.63
12/23/2002,1.592
12/16/2002,1.558
12/9/2002,1.557
12/2/2002,1.562
11/25/2002,1.573
11/18/2002,1.599
11/11/2002,1.624
11/4/2002,1.632
10/28/2002,1.629
10/21/2002,1.64
10/14/2002,1.625
10/7/2002,1.623
09/30/2002,1.6
09/23/2002,1.582
09/16/2002,1.587
09/9/2002,1.582
09/2/2002,1.581
08/26/2002,1.589
08/19/2002,1.58
08/12/2002,1.58
08/5/2002,1.582
07/29/2002,1.589
07/22/2002,1.592
07/15/2002,1.575
07/8/2002,1.567
07/1/2002,1.575
06/24/2002,1.567
06/17/2002,1.563
06/10/2002,1.561
06/3/2002,1.576
05/27/2002,1.576
05/20/2002,1.583
05/13/2002,1.577
05/6/2002,1.583
04/29/2002,1.581
04/22/2002,1.591
04/15/2002,1.591
04/8/2002,1.595
04/1/2002,1.554
03/25/2002,1.519
03/18/2002,1.466
03/11/2002,1.398
03/4/2002,1.326
02/25/2002,1.301
02/18/2002,1.3
02/11/2002,1.291
02/4/2002,1.297
01/28/2002,1.286
01/21/2002,1.289
01/14/2002,1.299
01/7/2002,1.293
12/31/2001,1.277
12/24/2001,1.257
12/17/2001,1.249
12/10/2001,1.28
12/3/2001,1.291
11/26/2001,1.312
11/19/2001,1.351
11/12/2001,1.368
11/5/2001,1.395
10/29/2001,1.423
10/22/2001,1.452
10/15/2001,1.495
10/8/2001,1.535
10/1/2001,1.591
09/24/2001,1.653
09/17/2001,1.689
09/10/2001,1.686
09/3/2001,1.698
08/27/2001,1.647
08/20/2001,1.608
08/13/2001,1.58
08/6/2001,1.57
07/30/2001,1.581
07/23/2001,1.595
07/16/2001,1.616
07/9/2001,1.641
07/2/2001,1.678
06/25/2001,1.737
06/18/2001,1.792
06/11/2001,1.829
06/4/2001,1.847
05/28/2001,1.871
05/21/2001,1.858
05/14/2001,1.876
05/7/2001,1.869
04/30/2001,1.806
04/23/2001,1.797
04/16/2001,1.753
04/9/2001,1.682
04/2/2001,1.624
03/26/2001,1.59
03/19/2001,1.589
03/12/2001,1.598
03/5/2001,1.605
02/26/2001,1.618
02/19/2001,1.634
02/12/2001,1.656
02/5/2001,1.63
01/29/2001,1.644
01/22/2001,1.656
01/15/2001,1.656
01/8/2001,1.606
01/1/2001,1.59
12/25/2000,1.597
12/18/2000,1.609
12/11/2000,1.636
12/4/2000,1.668
11/27/2000,1.69
11/20/2000,1.69
11/13/2000,1.701
11/6/2000,1.706
10/30/2000,1.722
10/23/2000,1.724
10/16/2000,1.717
10/9/2000,1.683
10/2/2000,1.704
09/25/2000,1.726
09/18/2000,1.733
09/11/2000,1.735
09/4/2000,1.706
08/28/2000,1.664
08/21/2000,1.654
08/14/2000,1.639
08/7/2000,1.656
07/31/2000,1.668
07/24/2000,1.711
07/17/2000,1.733
07/10/2000,1.769
07/3/2000,1.792
06/26/2000,1.813
06/19/2000,1.827
06/12/2000,1.785
06/5/2000,1.73
05/29/2000,1.713
05/22/2000,1.703
05/15/2000,1.672
05/8/2000,1.638
05/1/2000,1.607
04/24/2000,1.622
04/17/2000,1.634
04/10/2000,1.662
04/3/2000,1.687
03/27/2000,1.693
03/20/2000,1.711
03/13/2000,1.705
03/6/2000,1.674
02/28/2000,1.593
02/21/2000,1.577
02/14/2000,1.533
02/7/2000,1.504
01/31/2000,1.496
01/24/2000,1.493
01/17/2000,1.461
01/10/2000,1.45
01/3/2000,1.457
12/27/1999,1.459
12/20/1999,1.455
12/13/1999,1.459
12/6/1999,1.458
11/29/1999,1.457
11/22/1999,1.451
11/15/1999,1.436
11/8/1999,1.418
11/1/1999,1.417
10/25/1999,1.424
10/18/1999,1.424
10/11/1999,1.435
10/4/1999,1.441
09/27/1999,1.444
09/20/1999,1.448
09/13/1999,1.432
09/6/1999,1.423
08/30/1999,1.416
08/23/1999,1.414
08/16/1999,1.413
08/9/1999,1.387
08/2/1999,1.375
07/26/1999,1.371
07/19/1999,1.35
07/12/1999,1.322
07/5/1999,1.306
06/28/1999,1.296
06/21/1999,1.304
06/14/1999,1.292
06/7/1999,1.296
05/31/1999,1.297
05/24/1999,1.309
05/17/1999,1.323
05/10/1999,1.324
05/3/1999,1.316
04/26/1999,1.314
04/19/1999,1.314
04/12/1999,1.316
04/5/1999,1.296
03/29/1999,1.259
03/22/1999,1.199
03/15/1999,1.16
03/8/1999,1.11
03/1/1999,1.104
02/22/1999,1.1
02/15/1999,1.109
02/8/1999,1.117
02/1/1999,1.12
01/25/1999,1.125
01/18/1999,1.131
01/11/1999,1.129
01/4/1999,1.126
12/28/1998,1.129
12/21/1998,1.135
12/14/1998,1.139
12/7/1998,1.146
11/30/1998,1.164
11/23/1998,1.177
11/16/1998,1.183
11/9/1998,1.194
11/2/1998,1.196
10/26/1998,1.2
10/19/1998,1.204
10/12/1998,1.209
10/5/1998,1.202
09/28/1998,1.197
09/21/1998,1.197
09/14/1998,1.187
09/7/1998,1.191
08/31/1998,1.196
08/24/1998,1.2
08/17/1998,1.207
08/10/1998,1.214
08/3/1998,1.218
07/27/1998,1.229
07/20/1998,1.235
07/13/1998,1.233
07/6/1998,1.237
06/29/1998,1.237
06/22/1998,1.237
06/15/1998,1.243
06/8/1998,1.248
06/1/1998,1.242
05/25/1998,1.245
05/18/1998,1.246
05/11/1998,1.247
05/4/1998,1.236
04/27/1998,1.227
04/20/1998,1.214
04/13/1998,1.21
04/6/1998,1.212
03/30/1998,1.215
03/23/1998,1.185
03/16/1998,1.195
03/9/1998,1.205
03/2/1998,1.216
02/23/1998,1.23
02/16/1998,1.226
02/9/1998,1.243
02/2/1998,1.25
01/26/1998,1.253
01/19/1998,1.269
01/12/1998,1.281
01/5/1998,1.29
12/29/1997,1.298
12/22/1997,1.307
12/15/1997,1.315
12/8/1997,1.326
12/1/1997,1.336
11/24/1997,1.346
11/17/1997,1.352
11/10/1997,1.36
11/3/1997,1.357
10/27/1997,1.366
10/20/1997,1.376
10/13/1997,1.385
10/6/1997,1.39
09/29/1997,1.391
09/22/1997,1.404
09/15/1997,1.416
09/8/1997,1.423
09/1/1997,1.422
08/25/1997,1.422
08/18/1997,1.408
08/11/1997,1.404
08/4/1997,1.37
07/28/1997,1.351
07/21/1997,1.356
07/14/1997,1.352
07/7/1997,1.356
06/30/1997,1.359
06/23/1997,1.364
06/16/1997,1.373
06/9/1997,1.382
06/2/1997,1.388
05/26/1997,1.385
05/19/1997,1.38
05/12/1997,1.372
05/5/1997,1.374
04/28/1997,1.377
04/21/1997,1.381
04/14/1997,1.381
04/7/1997,1.386
03/31/1997,1.383
03/24/1997,1.385
03/17/1997,1.384
03/10/1997,1.393
03/3/1997,1.398
02/24/1997,1.408
02/17/1997,1.41
02/10/1997,1.414
02/3/1997,1.42
01/27/1997,1.421
01/20/1997,1.424
01/13/1997,1.423
01/6/1997,1.409
12/30/1996,1.412
12/23/1996,1.414
12/16/1996,1.419
12/9/1996,1.422
12/2/1996,1.423
11/25/1996,1.423
11/18/1996,1.418
11/11/1996,1.408
11/4/1996,1.403
10/28/1996,1.395
10/21/1996,1.384
10/14/1996,1.382
10/7/1996,1.373
09/30/1996,1.379
09/23/1996,1.383
09/16/1996,1.383
09/9/1996,1.38
09/2/1996,1.375
08/26/1996,1.386
08/19/1996,1.382
08/12/1996,1.384
08/5/1996,1.389
07/29/1996,1.399
07/22/1996,1.408
07/15/1996,1.409
07/8/1996,1.412
07/1/1996,1.416
06/24/1996,1.425
06/17/1996,1.438
06/10/1996,1.444
06/3/1996,1.454
05/27/1996,1.458
05/20/1996,1.468
05/13/1996,1.461
05/6/1996,1.458
04/29/1996,1.455
04/22/1996,1.438
04/15/1996,1.422
04/8/1996,1.381
04/1/1996,1.357
03/25/1996,1.345
03/18/1996,1.317
03/11/1996,1.308
03/4/1996,1.308
02/26/1996,1.291
02/19/1996,1.271
02/12/1996,1.265
02/5/1996,1.269
01/29/1996,1.272
01/22/1996,1.278
01/15/1996,1.285
01/8/1996,1.277
01/1/1996,1.268
12/25/1995,1.265
12/18/1995,1.262
12/11/1995,1.248
12/4/1995,1.246
11/27/1995,1.243
11/20/1995,1.244
11/13/1995,1.248
11/6/1995,1.252
10/30/1995,1.255
10/23/1995,1.263
10/16/1995,1.273
10/9/1995,1.283
10/2/1995,1.29
09/25/1995,1.296
09/18/1995,1.297
09/11/1995,1.298
09/4/1995,1.3
08/28/1995,1.305
08/21/1995,1.311
08/14/1995,1.312
08/7/1995,1.316
07/31/1995,1.319
07/24/1995,1.333
07/17/1995,1.342
07/10/1995,1.352
07/3/1995,1.362
06/26/1995,1.37
06/19/1995,1.376
06/12/1995,1.383
06/5/1995,1.386
05/29/1995,1.386
05/22/1995,1.383
05/15/1995,1.364
05/8/1995,1.356
05/1/1995,1.332
04/24/1995,1.323
04/17/1995,1.3
04/10/1995,1.286
04/3/1995,1.27
03/27/1995,1.259
03/20/1995,1.254
03/13/1995,1.256
03/6/1995,1.263
02/27/1995,1.265
02/20/1995,1.259
02/13/1995,1.265
02/6/1995,1.27
01/30/1995,1.275
01/23/1995,1.277
01/16/1995,1.271
01/9/1995,1.279
01/2/1995,1.272
12/26/1994,1.27
12/19/1994,1.279
12/12/1994,1.288
12/5/1994,1.301
11/28/1994,1.303